Uniprot	Prize
A9Z1X7	6.343096753401697
Q99081	6.341176225843277
Q14152	6.27885101201349
P69905	5.581820586044436
B0YIW2	5.581820586044436
H3BLZ8	5.477823239269644
P02787	5.334125824240241
Q9Y2R4	5.174845117869908
Q9UKV3	5.158390930270961
Q96DC7	5.086508399873105
P23142	5.086508399873105
P02765	4.898987333103724
P37802	4.898987333103724
Q9NZ63	4.898987333103724
Q9NRA8	4.898987333103724
Q92576	4.753524914278531
O60869	4.753524914278531
Q15388	4.753524914278531
Q9H1E3	4.753524914278531
Q9Y2W1	4.732635903457538
Q92922	4.649058136710955
P51957	4.649058136710955
Q9H6F5	4.649058136710955
O96013	4.649058136710955
Q5T5H1	4.649058136710955
P18031	4.649058136710955
Q9UQ35	4.649058136710955
Q6PKG0	4.649058136710955
Q13740	4.630059193615651
Q8N684	4.603945627430846
Q8WWM7	4.579952224685415
P61978	4.579952224685415
P49207	4.568697931367675
Q14738	4.5534393765206
A0A075B738	4.5534393765206
Q5JTH9	4.525949613864843
P02786	4.497219015813256
P52594	4.497219015813256
Q8NBM4	4.441375748603866
O60749	4.434437246356288
Q15027	4.4014845928926185
Q96BH1	4.4014845928926185
Q13243	4.401410413245214
Q99490	4.401410413245214
Q8IU60	4.401410413245214
P48634	4.401410413245214
G0XQ39	4.388776771651651
O43719	4.388776771651651
P06748	4.388776771651651
P16949	4.388776771651651
A0A087X0X3	4.388776771651651
P01106	4.371909274401765
Q7Z5J4	4.371909274401765
Q9NQC3	4.352386472972312
O75151	4.338487243836552
Q96T58	4.333357363918107
Q8TEA8	4.30234934029137
O14646	4.30234934029137
Q00403	4.30234934029137
Q49A26	4.30234934029137
F8VX04	4.296308796231895
P52756	4.256576053583022
Q93100	4.256576053583022
P29350	4.256576053583022
Q9NX58	4.250159505368735
Q9UIQ6	4.247227922154881
P62805	4.232255423400956
P02768	4.232255423400956
P68363	4.213646427303251
Q9HBD4	4.21131735632547
Q9Y2W2	4.208091431562529
Q86Y91	4.186742180098105
F8W0Q9	4.178368113075158
Q15154	4.178368113075158
Q01082	4.178368113075158
O75995	4.178296855671552
P38935	4.178296855671552
Q9H4L5	4.178296855671552
O15127	4.178296855671552
O15042	4.153933358800746
O75396	4.152515054060739
Q9BXB4	4.152515054060739
Q9Y2D5	4.152515054060739
P04004	4.120723433343331
B7ZL14	4.1120240197381825
P49790	4.111796391926524
P18858	4.09150923401631
P98179	4.075787794387851
Q14739	4.070993906506133
Q96HY6	4.070993906506133
E7ESS2	4.068226501317462
Q8NCD3	4.068226501317462
Q9BVC5	4.068226501317462
P20742	4.068150407429005
Q9Y5B9	4.066397214904209
Q9H814	4.064125401548631
P07766	4.0514356632856945
Q9UPP1	4.0514356632856945
P16383	4.0514356632856945
O75449	4.0514356632856945
P46013	4.0329974822334185
Q6JBY9	4.028916213096974
P11171	4.016588518455184
Q9Y6X9	4.0106948331092775
P29590	3.9920272692455234
Q13094	3.9918565901520284
A8MXP9	3.989000746414705
P04637	3.986936425829817
A0A0A0MTS7	3.9844445443191963
Q5TEC6	3.9606584627983965
Q9ULU4	3.960056522032911
M0QYC1	3.959480419609139
Q9Y314	3.954242484725559
Q9BTA9	3.9115798707362006
Q16718	3.9085984456601586
Q92609	3.8952393043169113
P06396	3.8704427712701053
P19823	3.8704427712701053
Q7Z5R6	3.8447012509953975
O75533	3.8418096567450464
Q13242	3.8418096567450464
Q9Y520	3.8396714264268956
Q6DN12	3.8396714264268956
P06493	3.833836160262491
Q9UKJ3	3.833836160262491
Q86V48	3.833836160262491
Q3KQU3	3.833836160262491
O14681	3.8328762818785185
Q8TBB5	3.8039477122984193
O94874	3.8039477122984193
Q01130	3.7961469535998678
P38159	3.7886902447131066
Q8WUM0	3.77276351857238
P42166	3.77276351857238
Q96DF8	3.77276351857238
Q16566	3.7641746801719926
O95231	3.753050839667004
Q14684	3.753050839667004
Q14677	3.7506192770941524
Q13428	3.736683906762221
O75791	3.7299875110273533
P17483	3.7295111160999688
Q04760	3.7265709378323812
Q13185	3.720245719156555
O60293	3.7103758360370795
Q6P3S6	3.7103758360370795
E9PCW1	3.703850278778894
P16150	3.703850278778894
Q9NWQ8	3.689478221370832
Q9Y2V2	3.689478221370832
O75494	3.689478221370832
Q9ULR3	3.689478221370832
Q8N999	3.687604005331092
Q9H4L4	3.6700241618698533
A0A0G2JNZ2	3.6620812847218955
Q66PJ3	3.661493292298151
Q07666	3.661493292298151
P42167	3.6477669357595794
B7ZKJ8	3.638536063809395
P08697	3.638536063809395
P01024	3.636573293729426
P02788	3.636573293729426
P49750	3.6324468985973306
Q9Y6G9	3.6324468985973306
P22626	3.6324468985973306
Q6UN15	3.631000353453727
P06400	3.6261879133906394
Q8ND56	3.6258385285883046
O95644	3.6234211665158367
P16402	3.6234211665158367
O14545	3.6070470127990064
Q14847	3.60639388539497
Q2KHT3	3.605691301576105
Q96D05	3.600840934114586
P27816	3.600840934114586
O95793	3.6004296174070483
M0QXA7	3.590874866823889
Q9H400	3.588092477415535
Q92667	3.575353156831935
Q14149	3.575353156831935
Q9NX00	3.575353156831935
E7EQT4	3.575353156831935
Q92733	3.575353156831935
P23588	3.575353156831935
P43487	3.57483498316194
O00571	3.5646459898505523
Q9Y4P8	3.563733838810669
Q6FI81	3.563733838810669
P33991	3.558661381189503
Q9UN86	3.54855319093477
Q92769	3.5455679145723518
Q7L2J0	3.5455679145723518
Q7Z460	3.5455679145723518
Q03252	3.5386476752234683
P02748	3.517204355209177
E7EQZ4	3.517204355209177
Q15172	3.516057833486526
P50750	3.516057833486526
O75152	3.5073572194945224
Q15149	3.4947885993017445
Q6P2E9	3.4947885993017445
Q12986	3.473581918505678
B7WPE2	3.4591302728778484
Q13619	3.4591302728778484
C9JV77	3.4436972171003175
O95625	3.4320497781880843
P17096	3.4320497781880843
Q9UHD8	3.426167015643338
Q14643	3.426167015643338
P62753	3.426167015643338
Q9UI08	3.4253419593217194
P08670	3.420157686166843
P25205	3.420089571135662
A0A0C4DGT3	3.420089571135662
Q5T200	3.420089571135662
P05543	3.4134039075493403
Q15063	3.4134039075493403
Q96GN5	3.413395827264063
Q9Y2H0	3.3960732772027424
Q12849	3.3816661060042184
Q9UK76	3.3774200891786763
Q9HCD5	3.3723304142338915
P28749	3.3693968233714098
P21291	3.3686268968392183
P02647	3.364265154316673
Q8WV93	3.3635831829667744
O15294	3.3635831829667744
P84085	3.3635831829667744
P02774	3.3635831829667744
Q12834	3.361243720000825
Q8N6H7	3.3573059164790053
Q13547	3.3532841978446974
O14974	3.3491198082764875
Q9HCN8	3.330633797129997
P55209	3.330633797129997
P20962	3.330633797129997
Q86VZ1	3.3287314734817297
P36955	3.324429183928491
Q13098	3.323302577866693
F8WA39	3.314748749215946
P24534	3.31126138683895
O94906	3.3082225123658904
Q96PQ6	3.3082225123658904
Q9BWD1	3.3022671199824436
Q15629	3.2912574672496326
Q9Y4F3	3.288347923069329
Q14671	3.288347923069329
Q9NQW6	3.288347923069329
Q9P270	3.288347923069329
Q7Z2W4	3.272291398277367
P26358	3.2722368623821514
Q8NDT2	3.2722368623821514
Q9BYW2	3.2722368623821514
Q5T5C0	3.2718809474354256
O76031	3.257136127624741
Q9HC52	3.246190181745755
Q9UPN4	3.2414042120620783
Q8TCJ2	3.210363373294698
Q2KHR2	3.205193553876435
P13807	3.2007310648785072
Q9UIG0	3.1998724251452253
P49792	3.1989946829844342
P57740	3.196758764445242
Q7L2H7	3.1961526678240886
Q9Y5L4	3.1961526678240886
Q3B7T1	3.1847296605498934
Q96PK6	3.183154820255834
O75145	3.183154820255834
Q9NYF8	3.1823255790915965
E9PFI5	3.1756661941859563
P15153	3.1756661941859563
Q14181	3.175144211906576
P63220	3.174664255184253
P62995	3.174225934200828
Q13574	3.1728751374511255
P06239	3.1728751374511255
Q9Y5J1	3.1728751374511255
Q15032	3.1721484673371654
J3KTL2	3.1715041737291343
Q92794	3.1715041737291343
Q04637	3.1715041737291343
B4DY08	3.1690920543894996
Q96N67	3.1624955108400425
Q9NYF3	3.15967829703216
Q9NQS7	3.1471331468741877
P60709	3.1461775953542954
P01023	3.1461775953542954
E9PGC8	3.1397706923157624
Q9H2K8	3.1289085051915912
P09693	3.1289085051915912
Q5VT52	3.116376614217901
Q32MZ4	3.102032133600785
Q9C0C9	3.1019722295154164
Q15287	3.1019722295154164
Q92615	3.095259829374129
Q13283	3.0931531761759805
Q6R327	3.0931531761759805
Q9NPQ8	3.092337880591247
O00303	3.092337880591247
Q15056	3.0893776814980676
P20700	3.084961563275176
Q8NG31	3.083225056717786
Q13111	3.083225056717786
Q14157	3.083225056717786
Q96T37	3.079092843273387
Q9H4E7	3.076175194305448
Q7Z417	3.074828125470814
Q12968	3.0522242573714626
C9JQE8	3.0379043550731732
Q9Y385	3.0379043550731732
P49915	3.0379043550731732
O43318	3.0379043550731732
Q9BZI7	3.0342391193114016
Q14692	3.02282602022253
P36915	3.02282602022253
F8W8D3	2.9832140640473046
P42677	2.977622478221382
P18615	2.973008187319182
Q92522	2.9702237590072222
Q9NU19	2.9643627794173604
Q14980	2.9597387852660297
P26368	2.956328120758978
Q86YV0	2.953670965958088
Q53EL6	2.949670994594568
Q75N03	2.948695724632309
Q06546	2.946523201718249
O60832	2.94584377575008
Q1MSJ5	2.9452258538077105
Q9NYP9	2.94442798895557
P17152	2.943849448129353
P00747	2.9394753087147185
A0A5E8	2.9339887280657373
I1E4Y6	2.931855559472614
Q99590	2.9220695108673267
J3KPD3	2.915933685531801
O60496	2.8984675262791995
Q9Y2U5	2.8984675262791995
Q5UIP0	2.8975798342405636
O00308	2.890106774640417
E7ERS3	2.8890984183579578
A1L0T0	2.866956886649348
A0FGR8	2.865073665371901
Q01196	2.8565507192330917
Q13595	2.8500962762960698
Q13435	2.848132942575471
Q9NVM6	2.846320230664685
Q92608	2.844747069977456
A6NMQ1	2.8423630443254257
P05452	2.8337809317709897
Q6XZF7	2.8284287032593665
Q9Y2I7	2.8273019635280763
P00492	2.8253881941849692
P16989	2.8225364630128356
Q13247	2.8168366046908906
P62750	2.8165975150198514
Q99729	2.815128862027224
O75190	2.8137191211840196
P55011	2.812551799348679
Q9BXI6	2.811200866390171
O00231	2.811200866390171
Q9UH03	2.8104626803482566
Q9BRA2	2.8104626803482566
F5H8D7	2.8097966330524224
P08238	2.8069947873220675
Q8IZD4	2.8069947873220675
P19827	2.800965276594735
Q8TC07	2.7988155040478158
Q8WY36	2.7988155040478158
Q06945	2.7981630786118004
Q9UI10	2.791681741619092
P61927	2.783492042451182
A0A0U1RRH7	2.776597240080683
P07996	2.776597240080683
Q8ND61	2.776597240080683
Q6KC79	2.770612115493291
Q6PJI9	2.764017995653381
Q15003	2.764017995653381
Q9C0C7	2.764017995653381
Q14966	2.7618986760443587
Q7LBC6	2.756032352923431
V9GYM8	2.7554518502099064
O14828	2.7554518502099064
B4DNK4	2.7513650187870247
Q96FS4	2.7498541397178258
E9PRY8	2.748192387366624
Q9Y3U8	2.748192387366624
Q9HB71	2.7445815636606206
O60784	2.73490058815137
Q9NYZ3	2.734508923866525
Q96L91	2.7227188983513972
Q00839	2.7225202323227324
P53634	2.720571593956306
Q13148	2.7057668980882266
Q13422	2.7057668980882266
Q7Z5L9	2.7042739817244033
P19174	2.68580624274679
Q99613	2.683883458110277
X6RAL5	2.683425139797931
P62310	2.683425139797931
P09496	2.683425139797931
Q92979	2.683425139797931
F8VP89	2.683343635778918
Q9HCE1	2.683343635778918
Q6P4F7	2.6755600065638943
Q6IQ49	2.6755600065638943
P50747	2.6755600065638943
P51452	2.6623500337271317
O95801	2.659548924352855
J3KNR0	2.6526279256871965
Q9H992	2.6526279256871965
Q96S55	2.6526279256871965
Q3ZCQ8	2.645423080459946
Q9NW64	2.6452762912024017
Q53GS9	2.6414861603166297
A0A0B4J1V8	2.6414861603166297
Q5SRN5	2.6414861603166297
Q15751	2.6414861603166297
A0A0G2JNG9	2.6407489036258385
A0A0C4DG17	2.636450195026626
Q9NWH9	2.6355354695575746
O75179	2.6335930431509538
P27540	2.6335930431509538
Q3V6T2	2.6300235507006127
Q8ND76	2.6300235507006127
Q92747	2.6281360080380636
Q8NE71	2.6267255596291195
P50914	2.6239594764232432
P26599	2.619400213363766
P48730	2.6186030722798415
Q9Y383	2.617137973772376
Q9UHB7	2.6132693051799123
O00418	2.6132693051799123
Q8NC44	2.6132693051799123
Q8TF74	2.6132693051799123
Q14209	2.6132693051799123
Q96B97	2.6132693051799123
Q9H307	2.6121402058732763
Q9NTI5	2.6117717924652677
P18621	2.6053811242125313
Q9Y277	2.6036317228636645
Q8NHG8	2.6001654139075976
Q8IWI9	2.6001654139075976
Q9NZI8	2.5999560805560513
P06753	2.5999560805560513
P31942	2.595383142690731
O43809	2.595383142690731
O75081	2.5912818476608996
A0A0A0MR07	2.59114805329053
Q9NR30	2.5819183786102844
O60264	2.578241211710358
Q9BRD0	2.575225488876934
P78414	2.570807213558573
P52732	2.56650045678402
P49796	2.566413060243313
Q5JSZ5	2.5647758193564574
P32519	2.5647758193564574
P19338	2.5544669526939883
P84103	2.5544669526939883
Q9UJU6	2.5544669526939883
Q8NFA0	2.5544669526939883
P10412	2.5544669526939883
P49585	2.5544669526939883
P41236	2.5513484499047223
P41440	2.5494209527174805
P29966	2.5460514662873575
P53801	2.5439828704279135
Q13469	2.5411209879727386
Q8WWQ0	2.5366587460915504
J3QR29	2.5366587460915504
O94804	2.536438961695345
Q96ST2	2.5346696973625504
Q9HBU6	2.5346696973625504
O43566	2.5296297240129304
Q86TB9	2.5294212306813417
P14625	2.5274187633699996
O75531	2.522093879674654
Q9BTD8	2.515469763793849
Q9UJK0	2.5017982747055387
A0A0A0MT22	2.496618461875316
P37108	2.481770230111558
O14641	2.4767706785392023
O75347	2.476518016902869
Q9BZE4	2.476441008409147
Q96GK7	2.4759465075681835
P61006	2.4721919462234396
O15047	2.4688159896459623
Q9Y4B5	2.4688159896459623
O76064	2.4688159896459623
Q5T3J3	2.4688159896459623
C9JYS8	2.4688159896459623
Q8TAP9	2.4688159896459623
Q9NZJ0	2.4688159896459623
Q96A65	2.4688159896459623
Q9BSW2	2.4688159896459623
Q9Y3R5	2.4688159896459623
P05204	2.468551760338197
Q12789	2.468551760338197
Q13573	2.46746171478299
A0A0A0MT60	2.46746171478299
P52948	2.46746171478299
X6RAB3	2.46746171478299
M0R2Z9	2.46746171478299
Q8NFC6	2.46746171478299
P17480	2.46746171478299
P52566	2.46746171478299
Q08AE8	2.46746171478299
Q14571	2.46746171478299
Q9NXR1	2.46746171478299
Q8IYW5	2.46746171478299
A0A0A0MRJ7	2.4672104804550665
O95104	2.4672104804550665
Q49AR2	2.466014046219824
P13639	2.4606293250432882
O75323	2.4600240123813126
P63241	2.458412000552882
Q9Y3S1	2.458141005847916
Q16539	2.4534798123517945
K7ER00	2.451678077731939
Q9BU76	2.449133822612871
Q9NWQ4	2.4469919422188253
P62273	2.4445307339638553
Q9UQ80	2.4443541391971313
Q5VTL8	2.4423788327662797
Q9BVA0	2.4284676107671372
P30304	2.4225847452847447
Q6NUK1	2.4225847452847447
Q9UP95	2.4225847452847447
Q9H211	2.422477977503958
P06732	2.42111889261933
P13598	2.42111889261933
Q5FBB7	2.4181972190476917
H0Y449	2.4171764320816167
Q96BY6	2.413408065697673
O95071	2.4113299194643703
O94964	2.4113299194643703
H0Y4E8	2.410641174322052
Q96ER9	2.4097896504640444
Q15648	2.4041687016198043
O95562	2.403213018226528
E7EVA0	2.403213018226528
O60669	2.4011865848345346
P16401	2.400381171085242
P27815	2.400381171085242
Q9H6A9	2.400381171085242
Q9BTE6	2.399368338742987
Q7L4I2	2.399353894136513
P42345	2.3940349516397066
P10242	2.3940349516397066
Q9BSK4	2.3915558918335815
Q86WJ1	2.387851225630009
I3L2J0	2.387851225630009
Q9ULJ3	2.384175651759781
Q92797	2.3836445561407174
Q9Y2F5	2.379460658438461
Q9UHB6	2.379460658438461
A0A0A0MRV0	2.379460658438461
P28482	2.379460658438461
O95218	2.379460658438461
X6R7X0	2.379460658438461
P46019	2.379460658438461
O94913	2.379460658438461
Q9BW71	2.379460658438461
Q8N5U6	2.379460658438461
Q9ULW0	2.379460658438461
M0R088	2.379460658438461
P52565	2.374939246474543
Q96GM8	2.3733874213209085
A0A075B746	2.3733874213209085
Q92506	2.3716227233370137
P27701	2.3716227233370137
Q96EY5	2.371143496958733
O95685	2.3620817834660675
Q96JM3	2.3607129875172985
Q92538	2.3607129875172985
Q9NPA8	2.3601818305414874
P30041	2.3601818305414874
Q5VTU8	2.349073887131984
P30291	2.3481915494629044
Q8TF50	2.3481915494629044
Q8N3F8	2.3481915494629044
A0A1B0GTW1	2.348148799466387
Q14978	2.3457503445509533
Q96P11	2.345425420782599
O60563	2.3453800692503908
A2RRD8	2.3453800692503908
Q9NRY4	2.3453800692503908
Q5VV67	2.3453800692503908
A0A0J9YYD9	2.3453800692503908
Q07864	2.3433908886146106
E9PDJ2	2.341567079008069
Q9H0B6	2.3398774717659556
O95248	2.3381930601227916
P15814	2.3370501247653466
P31946	2.335716808128612
O60343	2.3346504091988916
Q9BY43	2.3346504091988916
P54278	2.3346504091988916
Q9P265	2.3346504091988916
Q96T23	2.3346504091988916
Q8IY63	2.3346504091988916
Q7LDG7	2.3346504091988916
Q86X95	2.3346504091988916
Q9H3N1	2.3346504091988916
O75717	2.3346504091988916
A6QL63	2.3346504091988916
P14921	2.3346504091988916
Q86XK3	2.3346504091988916
Q15052	2.3346504091988916
Q9BQG0	2.3346504091988916
Q5JTV8	2.3346504091988916
O75937	2.3346504091988916
O43776	2.3346504091988916
P78371	2.3346504091988916
Q86U86	2.3346504091988916
Q96HA1	2.3346504091988916
Q5TGY3	2.3307464837965366
A0A087WZG4	2.3269135297751853
Q7Z5K2	2.326125572781427
Q6ZU80	2.3239206503504994
D6RAF8	2.323894146175125
O75385	2.3233691974776725
Q9Y5W3	2.3209679956833145
Q9UMN6	2.3191552675637985
O15355	2.3191552675637985
Q02078	2.3191552675637985
B5MCU0	2.3191552675637985
P84101	2.3191552675637985
Q92973	2.3191552675637985
Q96PY6	2.3191552675637985
O43586	2.3185737932242345
P04350	2.314982216298122
P06127	2.314561515384482
Q9UBF8	2.31432263823119
Q9NVG8	2.3140994729645166
Q7Z7G8	2.3133832832818944
Q15555	2.312006788139701
Q9BTC0	2.310518141178187
Q8TAD8	2.307406490965736
P18077	2.3040839094701653
P43403	2.303453581412007
A0A0A0MQU4	2.299075970419503
Q13112	2.299075970419503
P49902	2.299075970419503
P62851	2.299075970419503
Q13769	2.299075970419503
Q6W2J9	2.299075970419503
O94915	2.299075970419503
Q8IVT5	2.299075970419503
P62979	2.299075970419503
Q96Q45	2.299075970419503
O43166	2.299075970419503
O76021	2.299075970419503
Q9Y6B7	2.299075970419503
P55199	2.299075970419503
Q69YQ0	2.299075970419503
Q8IWZ8	2.299075970419503
P25054	2.299075970419503
P35269	2.299075970419503
O14578	2.299075970419503
Q9P2N5	2.299075970419503
Q16875	2.299075970419503
P13994	2.299075970419503
O94782	2.299075970419503
Q00613	2.299075970419503
F5H527	2.297603563879488
A0A1B0GW41	2.2963772165764844
O15117	2.2963772165764844
A0A140T9T7	2.2963772165764844
Q96EV2	2.2963772165764844
Q9BZX2	2.2963772165764844
O00161	2.2963772165764844
Q96F86	2.292434592591453
Q5H9F3	2.292434592591453
H0Y5F5	2.2919241781546216
P18065	2.2918670259954967
A0A0G2JPR0	2.2918670259954967
P20290	2.290532015929818
P40692	2.289220295075456
Q9C0C2	2.2879120093189114
O75909	2.287049633180599
Q96DI7	2.286480354499751
A0A087WXK8	2.2857292370904956
X6RLX0	2.2857292370904956
Q14669	2.2857292370904956
Q14241	2.283077395978252
Q8WWY3	2.2828182211073784
Q16666	2.2806692853162915
Q9NZR1	2.280117440290037
O75182	2.278944609113264
P16403	2.278853374020225
Q5SQI0	2.2779184769070033
Q13576	2.2779184769070033
Q8IZP0	2.2779184769070033
P12270	2.2771236985359633
Q96MU7	2.2771236985359633
B8ZZS0	2.2771236985359633
Q9BWH2	2.2761753687407116
P09960	2.2754610466223055
P56385	2.274746360801069
Q8WUA4	2.273207627865621
Q9BVG9	2.271997726104446
Q15424	2.2666427126190243
P00519	2.2666427126190243
P27708	2.2666427126190243
A0A024R4E5	2.2666427126190243
Q96EP0	2.2644827436430015
Q14232	2.2626944928197035
Q8N9N7	2.258939498430974
Q9NSY1	2.2568006685880397
P31751	2.256356422189651
P16104	2.256103854743699
O43399	2.256103854743699
Q9Y4B6	2.253712080399718
O60307	2.253712080399718
Q9NVC6	2.2488856062003046
Q53F19	2.248122300890407
Q9P209	2.2468356012020037
Q14188	2.2468356012020037
P42331	2.246602127121681
Q02880	2.2458941139000594
Q16186	2.2441475250594958
P78549	2.2441475250594958
P23246	2.2441475250594958
Q9Y2Z0	2.2441475250594958
Q96CB8	2.24373557344842
A0A0J9YWL0	2.2420910926726227
O75368	2.2383274205822485
P18085	2.2363689638413664
Q96S15	2.233770403130035
P35443	2.233770403130035
A0AVF1	2.233770403130035
Q96I23	2.233770403130035
Q14657	2.233770403130035
P15169	2.233770403130035
P02751	2.233770403130035
P04114	2.233770403130035
Q16659	2.2335059384115277
O43395	2.2335059384115277
Q13627	2.2327959012891605
Q9BUQ8	2.2322684496965617
Q9ULT8	2.2318506168909744
P61956	2.2318506168909744
Q96A19	2.2318506168909744
Q86V59	2.2296591603582447
Q9NSC5	2.2291724357357747
Q9H1B7	2.225559044932159
Q9NPG3	2.2248700523389298
Q5SW79	2.2248700523389298
P46783	2.2243089739892596
Q9ULX3	2.2243089739892596
Q92890	2.220951883678653
Q9H6D3	2.22045739030683
Q9NPA5	2.22045739030683
O15014	2.21514156051157
Q92844	2.213165480223556
A0A087WTF0	2.213165480223556
Q5W0V3	2.213165480223556
O00257	2.213165480223556
P22694	2.213165480223556
A0A087X1Z1	2.213165480223556
Q86X53	2.2125393001672466
A0A1B0GV70	2.2125393001672466
Q9UNL2	2.2123967206190396
O94762	2.2095606643536594
Q14011	2.207583025923814
B9EGE7	2.207583025923814
Q9NUQ3	2.207583025923814
Q8N163	2.207583025923814
P35268	2.2074101015458067
O43290	2.2065884644499807
Q9UKT7	2.2065884644499807
P17544	2.2064876313546855
Q13506	2.205796891825871
P21359	2.205796891825871
Q96R06	2.205796891825871
Q13118	2.2022506666900625
Q765P7	2.201298938577045
O94761	2.201172389983515
Q14155	2.200202901434627
Q96N16	2.200202901434627
Q8TF01	2.200202901434627
Q15906	2.200202901434627
Q8IV04	2.1996342206443202
O75592	2.199611945341856
Q76N32	2.199611945341856
Q9C0B5	2.199611945341856
O15173	2.199611945341856
O00472	2.197191540811107
Q8TB72	2.197191540811107
Q15459	2.197191540811107
Q13131	2.196487406850238
P20674	2.195696145813123
Q01433	2.1944671655094172
Q8IUW5	2.1944671655094172
O14672	2.1944671655094172
Q6NUT3	2.1944671655094172
Q13415	2.1919535392926943
J3QS41	2.1888740461429372
Q7L9B9	2.186498260136673
P53367	2.1845458796839976
J3KQ96	2.1845458796839976
P61221	2.1829810061773336
Q92804	2.1810433068591295
Q5SSJ5	2.1810433068591295
Q9NYV4	2.180306307008897
A2RU30	2.180306307008897
Q9Y6Q9	2.180306307008897
Q7KZ85	2.1779965957899723
P46109	2.1779965957899723
Q7Z569	2.1779965957899723
Q15398	2.177661100418392
H0YEM9	2.177387813228972
Q53HC0	2.1769670173326636
Q96RT1	2.1751395944369634
Q969S3	2.1751395944369634
P60174	2.1745996676192627
F5H2A4	2.171686564597966
O14757	2.169640769751727
Q9H9B1	2.1695705234625238
O00479	2.1695705234625238
Q02040	2.1695705234625238
Q9C0K0	2.1683721201802864
Q96EZ8	2.163937425840785
Q7Z2Z1	2.163937425840785
H7BZJ3	2.1631522638114933
P52597	2.16235359417483
Q9P1Y6	2.157552632480217
O60499	2.157472214061373
Q09161	2.1535841944572254
A0A087X188	2.1511843673572555
Q15334	2.1511843673572555
P49773	2.1509374760235906
O75175	2.150268063811613
A0A1C7CYX9	2.147634536571458
Q6UUV9	2.144353112425524
P78347	2.144353112425524
P42684	2.144353112425524
Q5BKY9	2.141490930753863
J3KMZ8	2.1393577954162155
Q5QJE6	2.1388767056303037
E7ETA6	2.135795915641035
Q04759	2.135517483801738
P48651	2.1339171486848536
Q86UK7	2.1326377265666236
J3KNL2	2.1326377265666236
J3KPC5	2.131481938444286
O75376	2.131427456796861
P63244	2.1256488598308394
Q9C0D5	2.1228849043594202
Q9Y3Q8	2.1169414847507166
P02686	2.1153446040349273
Q29RF7	2.1153446040349273
P51451	2.1153446040349273
Q6P4R8	2.1153446040349273
P31749	2.1152058368718016
P20020	2.115175057066784
Q96S44	2.115101885595142
Q96D71	2.114307490386848
P52292	2.1141175455399206
A2VDJ0	2.1128627190139273
P29084	2.112016616761711
P21281	2.112016616761711
Q9UBH6	2.112016616761711
Q9H4A3	2.112016616761711
Q7Z6E9	2.112016616761711
F5H1Z8	2.112016616761711
Q9BQF6	2.1093699848810408
Q99567	2.109369906086194
P24928	2.109369906086194
Q6NUJ5	2.109369906086194
Q9Y2H2	2.109369906086194
Q99717	2.109369906086194
Q14498	2.109369906086194
Q7Z6Z7	2.109106305964427
Q9NUY8	2.1088564729063712
P25686	2.1088563323517064
Q9BVI0	2.1088563323517064
O96028	2.1088563323517064
Q8IWB9	2.1088563323517064
O75122	2.1088563323517064
Q9HAZ1	2.1088563323517064
Q15366	2.1035064109427073
F5H7W8	2.1029473344391434
Q15121	2.1029473344391434
Q8NBZ0	2.1021796093761314
Q8TDB6	2.1021796093761314
C9JCP7	2.100768945012069
Q53GL0	2.1005985514856045
Q1KMD3	2.1005985514856045
P34972	2.1005985514856045
Q5T5Y3	2.1005985514856045
Q68DK7	2.1005985514856045
P56589	2.0999618659930266
Q8TAE8	2.0969151322673776
Q99952	2.096800827256426
Q6ZUT1	2.0965620919406875
P40337	2.0940746930227507
Q9UPT5	2.0940746930227507
Q6WKZ4	2.0940746930227507
Q9H4Z2	2.0919705192907587
E9PES4	2.0919705192907587
Q9Y519	2.0919705192907587
Q86W92	2.091196213338115
Q76L83	2.0908721634802507
Q9HCG8	2.0906774593530892
Q5W0Z9	2.0905131050090593
Q9NPI6	2.0905131050090593
Q96IZ7	2.0905131050090593
O60292	2.0877486732898083
Q9NS23	2.0877486732898083
Q96A57	2.0871938065321576
Q9BUJ2	2.0820378222307596
Q86YP4	2.0820378222307596
Q9Y2I8	2.0820378222307596
R4GN35	2.079263081148012
Q9NR81	2.0761267366233156
Q6ZTW0	2.0761267366233156
S4R347	2.074498970192412
Q86YA3	2.070140731192559
P85037	2.06892375183125
Q9Y6X4	2.0677612605546694
Q13905	2.0677612605546694
A0A0C4DGZ1	2.0677612605546694
Q8IXT5	2.0672868878993853
Q08945	2.064975149001411
P38432	2.0623654773138607
Q8IYB1	2.059796597379046
Q68CP9	2.059677311353709
Q9UKE5	2.059677311353709
Q14141	2.059677311353709
Q9Y6R1	2.059677311353709
Q99442	2.059677311353709
P51003	2.059677311353709
Q9UN36	2.0588577325744915
H7C0J3	2.0569217983037205
P14866	2.0566283279346362
P24723	2.056181680721582
Q6ZNJ1	2.053553258172667
O95777	2.0516852149464277
P30414	2.051170515899524
Q9H910	2.050309220240455
Q9H0E3	2.0502876986582708
Q86U06	2.044407082305635
Q7KZF4	2.044237578314874
H7BZ55	2.044237578314874
Q8N0Z3	2.0441078857689794
Q8IZT6	2.0440278197996733
Q16537	2.0440278197996733
Q6NXT6	2.0440278197996733
Q9P275	2.0419633625787936
Q15036	2.0419633625787936
O00512	2.0419633625787936
P41182	2.0419633625787936
P52701	2.0419633625787936
Q13303	2.0419633625787936
Q8ND82	2.0419633625787936
P29374	2.0400661110774747
Q02224	2.0397413778619202
O00203	2.0397413778619202
Q5W0B1	2.0372960569585388
Q8NC56	2.0372960569585388
Q12846	2.03618141426343
Q9H7N4	2.0284998413815045
Q15233	2.0284821003482234
O60336	2.0284821003482234
Q641Q2	2.0282540999774303
E9PNI7	2.0282540999774303
Q8IWX8	2.0234090876979245
Q6ZRI6	2.0231953177119206
Q8NCF5	2.0231953177119206
Q6P1L5	2.0229474827644847
A0A0G2JLV7	2.022606153041937
O15231	2.021164722110241
Q9H410	2.0210634500435005
P29762	2.018747389362501
Q9H7F0	2.018453559736115
Q7Z4H7	2.018453559736115
Q9GZR2	2.017884495888352
Q86XZ4	2.0166004499098737
Q9Y5B0	2.01604951961007
Q2M2I8	2.015226233917227
P49815	2.0148308444920477
P26641	2.0147818804919972
Q53EZ4	2.013154470011905
P35236	2.01113106001041
Q9NZ32	2.0100950372823636
P04053	2.009624306881169
Q6L9W6	2.008786491289885
A0A0C4DFX9	2.007387438926108
Q6PJT7	2.005852191010468
Q96JH7	2.005852191010468
O60683	2.005852191010468
G3V1A6	2.005852191010468
Q8IYB4	2.005852191010468
O95696	2.005852191010468
Q9P2N6	2.005852191010468
Q9H2G2	2.005852191010468
A0A0G2JNW7	2.005852191010468
Q6NW29	2.005852191010468
Q9Y4E8	2.005852191010468
P50548	2.005852191010468
Q9BQ52	2.004833183336828
Q9HCK8	2.0024814726735265
Q96Q89	2.000682599847863
Q14207	2.000489694020692
F5H0R1	2.000489694020692
A0A0B4J2E5	1.9977890694842837
Q15025	1.9977890694842837
Q0VDF9	1.9977890694842837
P55265	1.9977890694842837
Q8IX90	1.9977890694842837
D6RIF6	1.9971092688947787
A0A087X1R1	1.9968773503723398
Q96KB5	1.995698340913257
P31146	1.9955203209803056
Q08752	1.9955203209803056
P42575	1.9955203209803056
Q9UPR3	1.9955203209803056
Q92556	1.994718445912385
Q92934	1.9940402620975821
P11388	1.9936771130586195
G8JLB6	1.9935080122812758
O60486	1.9925845465047842
P61073	1.9925845465047842
P11274	1.9870681450856689
Q9Y6R0	1.9859979698209003
Q92614	1.9849695021527582
Q9ULL5	1.9825700826091797
Q08378	1.981215747310041
Q15643	1.9808076255153757
Q9GZP4	1.9807055879415203
P78332	1.9781680226108629
P60866	1.97572580133252
A0A1B0GW05	1.975004137378945
O75170	1.973134765183257
O00139	1.972153319692893
C9JA08	1.972153319692893
O95613	1.9721316639544582
P68133	1.9714906543123707
P20774	1.9697757333691355
Q9H1I8	1.9693105653433045
A0A0A6YY96	1.9662278530665886
Q9UKS7	1.9662278530665886
Q9HAW4	1.9662278530665886
Q6PL18	1.9662278530665886
H7C0H2	1.9662278530665886
O43896	1.9641871757374711
P01733	1.9641178791349216
Q9NQX3	1.9621558029521944
Q7Z591	1.9616776683260024
Q5VUA4	1.9608770508360662
G1UD79	1.9581319598186289
F8W7T1	1.9563362787973602
Q9NXG2	1.9563362787973602
Q86U70	1.9555751931622822
P35251	1.9555751931622822
Q05519	1.9555751931622822
Q9NZN5	1.9538724812508088
P08621	1.9528536388425435
Q86UE8	1.9527326113537526
Q6IA17	1.9517998970839894
Q8IZC7	1.9482147851061047
P55081	1.9474036631895797
P35611	1.946549874492993
P49454	1.9464375497883561
H9KVB4	1.9463790874981766
Q9UQQ2	1.944150924480072
Q96G01	1.941848263441864
P54105	1.9405740725846214
Q5T4S7	1.939447864804523
Q9UBC3	1.9376698511597183
G3V4K3	1.9371487533688523
Q9Y4X4	1.9371487533688523
Q96AY4	1.936729419509988
O00567	1.935341500620842
Q9BWT3	1.9340349347519035
Q9UK61	1.9340349347519035
Q96PE3	1.9340349347519035
O60504	1.9338244808981946
E7EMB3	1.9330467768070907
J3KNL6	1.928395692368029
O75037	1.9261241455852476
Q9HB58	1.9225780734463032
Q8TAQ2	1.9225780734463032
P51114	1.920467984054382
Q2NKX9	1.920467984054382
A0A1B0GTU4	1.9196844447060242
P16520	1.9196092474372402
O75962	1.918652886857865
Q92597	1.915276965828197
O75362	1.91488933856793
Q9UKA4	1.9125636542054327
Q9UGN5	1.9118817340409031
P60953	1.9113026823085444
Q6ZV73	1.9111872438405775
P24666	1.9100407337324943
Q92621	1.909901338212433
Q99741	1.9048638363103287
Q1W6H9	1.903661099141827
Q8TDY2	1.903661099141827
P30622	1.903661099141827
Q96K83	1.8999631738643223
P57088	1.8996958537048327
P43686	1.8990250440390657
Q1ED39	1.8990250440390657
Q00537	1.8990250440390657
Q6PD62	1.8977710455974213
Q9BW19	1.8977710455974213
O43143	1.8977710455974213
Q9NWS9	1.896735227825509
Q9P107	1.8964189171841281
O60238	1.8962186714258218
Q86UE4	1.895390973557809
Q9H8Y5	1.8949877859881998
Q15111	1.8945886214178447
A0A0D9SFK2	1.8935697937757388
Q4LE39	1.8934040029807349
Q7Z4S6	1.8914382620685781
Q9Y3P8	1.8914079828034591
Q9UEY8	1.8914079828034591
Q96GA3	1.889866976842714
Q8IWZ3	1.888409870070193
Q14C86	1.8873990749187397
P23528	1.8873502053234212
Q92833	1.8868472315484086
Q00987	1.8864860280619318
O75132	1.8864860280619318
P50219	1.8864860280619318
Q9P2R6	1.8864860280619318
A6NIW2	1.8848540669960945
Q00536	1.8845415229048914
J3KR72	1.8837655430786786
Q562F6	1.8830844188318439
Q9P260	1.883011167829557
P09651	1.882737851832501
Q99622	1.8823692198544602
P45973	1.8813181462003392
Q14814	1.8796474890052843
Q9UPT8	1.8796474890052843
Q99623	1.8796474890052843
E9PN30	1.8792562407805726
Q4G0F5	1.8792110683665804
Q9NU22	1.8775431368457043
Q14CW9	1.8775431368457043
P46531	1.877237685342001
P18583	1.8740956882765483
O00716	1.8724724280059326
Q8WVC0	1.8719854017854187
Q6UB98	1.8719358176374072
Q9Y4I1	1.8709234416488483
Q9NXV2	1.8700133079676442
P62820	1.8689248039109283
P35626	1.8689248039109283
Q9NY27	1.86842884179613
Q8N5I9	1.8671174898109877
Q9Y5B6	1.8668029063280167
Q96E39	1.8658186985764118
Q9NUA8	1.8658186985764118
Q86TL0	1.8633569757161088
Q9P225	1.8625403111619396
Q8NCN4	1.8622530797369965
Q9Y6I3	1.8615460085836233
Q9UM11	1.8596148242247752
Q16760	1.8582302612462651
Q9H8U3	1.8551393216501397
O95714	1.8551393216501397
O95466	1.854290273132139
Q96JK2	1.854290273132139
Q9P246	1.8541642771844984
P43307	1.8534512145544326
Q8NBX0	1.8534512145544326
P53985	1.8530703410341138
Q9BPX3	1.851538111190216
Q96BT3	1.8513592966006567
Q15021	1.8513592966006567
Q9UKY7	1.8511751263200005
Q8N5G2	1.8491590241913107
Q8TDM6	1.8481353173656336
Q8N9T8	1.8476017559347993
O60701	1.8473685584702397
Q15814	1.8466997921960877
E7EV07	1.8466997921960877
Q15596	1.8464464252492172
D3DQV9	1.8449020656854573
Q13541	1.8445738079358835
P37275	1.8427420942076063
P56182	1.8419443916959333
P60468	1.8415406809273316
Q9H6L5	1.8415406809273316
Q14318	1.8411761745188369
Q86XL3	1.8401359943190203
Q04727	1.8395148709869946
Q96K37	1.8379990461874238
Q7Z4W1	1.8360303172367103
E9PCH4	1.8359132145762926
Q8ND04	1.8359132145762926
Q8N3X1	1.8355724400101325
G5E9I4	1.8355724400101325
P05198	1.8326064928994803
Q9Y2X7	1.8301890029537877
Q9HC62	1.8297842682389116
P28908	1.82863161136021
P49711	1.827642972984798
Q12802	1.825769060324459
O14639	1.8257412157133237
A0A0G2JH68	1.8257412157133237
Q13263	1.8257412157133237
Q8IZ21	1.8257412157133237
Q8TEM1	1.8252341061126138
O95429	1.8244905051074116
P49768	1.8203538251836016
I3L1I5	1.8203538251836016
H7C494	1.8194002646928604
B3KS98	1.8193798470359166
Q13813	1.8193798470359166
P05141	1.817763786937477
Q9Y266	1.8134298343206936
Q02086	1.8124070597379403
P12956	1.8124070597379403
Q96G23	1.8124070597379403
Q5T2D3	1.8124070597379403
Q8WX93	1.8122544920887367
Q6UWD8	1.8121415199445068
P28066	1.811260203128197
P46379	1.811260203128197
Q9UEE9	1.811260203128197
Q9Y679	1.811260203128197
Q13523	1.811260203128197
Q96E09	1.811231943907665
Q99549	1.8081024380740605
P51784	1.8081024380740605
Q76FK4	1.8081024380740605
O15054	1.8081024380740605
Q9NTJ3	1.8081024380740605
P15336	1.8080195867474547
Q6P6C2	1.8053678009232543
Q8WU90	1.8052168525560621
O00264	1.8052168525560621
O00255	1.8052168525560621
Q92619	1.8052168525560621
O15151	1.7985871531656756
Q9NZ52	1.7974934522612709
P62699	1.7970901041049385
Q15773	1.7969334119600464
P38398	1.7960018676860092
O43900	1.794848497001336
Q9Y237	1.7947551844009606
P62854	1.793030440105996
P11831	1.7901716198421334
Q9NRQ5	1.7901716198421334
A0A1B0GV45	1.7879598744498
Q7L590	1.7869525947906078
O75400	1.7861044389578091
Q9H165	1.7857631083921943
Q9NQ29	1.7856618124506727
P61970	1.78439845584897
Q6PCT2	1.783699214384715
P58546	1.7820493700643107
Q86WR7	1.7814971839266904
Q8N5C8	1.7806331781935534
Q9UPU5	1.7781611433059177
Q9NS91	1.777343829188853
Q5HY81	1.7761776882440212
Q5TC82	1.7754920331387507
O75064	1.7751565225457016
Q92688	1.7750894518227796
Q9UKM9	1.7746251470057748
P41162	1.77357180291106
Q9NZM3	1.77357180291106
Q9H1A4	1.77357180291106
P49761	1.7735655299578017
Q9H6K5	1.7735655299578017
Q3L8U1	1.7725757176226709
Q17RY0	1.7693755454994993
Q5T6C5	1.7686992617212867
A0A087WUE4	1.7686992617212867
P42224	1.7661891764741557
Q8N490	1.762606126028318
H0YL70	1.7603041093412912
Q5THJ4	1.7578191224899795
P19838	1.756535379133825
Q9UNY4	1.756535379133825
Q96RY7	1.7536429532132964
Q9BTE3	1.752458052128842
Q9UBD5	1.752458052128842
P29597	1.752361310862412
Q8N573	1.752361310862412
Q8N9N8	1.752361310862412
P51965	1.752361310862412
O14924	1.752361310862412
Q8WXX5	1.752361310862412
Q96II8	1.752361310862412
Q96PV7	1.752361310862412
Q9NV70	1.752361310862412
Q9Y2S0	1.7520714343059673
A0A1B0GTN9	1.7485474069880655
Q99986	1.7479549372255476
Q92545	1.7479549372255476
Q659C4	1.7410790476493874
B7Z1P2	1.7409374588274027
Q96HR8	1.7390644518380052
Q86XP3	1.73893433388079
P05386	1.7374648056529645
Q14687	1.7372332598669846
Q9Y6K9	1.7343429036885483
O14561	1.7337720933027978
Q9Y6H1	1.7306496172539747
Q96DU3	1.7301857513959145
P23511	1.7280478829048984
P49327	1.7278430117838284
Q14242	1.7268702024680425
J3QTA6	1.7262615564494324
Q8N1K5	1.725959434588072
Q16512	1.7239312702470915
Q96AV8	1.7229690842120107
O94876	1.720308995379301
P31323	1.7197271245341434
Q15527	1.7195083814592058
Q86TI0	1.7184496543497305
Q96PN7	1.7177641409659705
Q08117	1.7170000355102029
A0A0C4DFM7	1.7163696134264412
Q14676	1.7160906547478465
A2ABF8	1.7136028937708092
Q86XN7	1.712655455822353
P21333	1.712655455822353
Q9BVJ6	1.7126228640753052
B8ZZ87	1.7119214051269198
Q9Y294	1.71150314293633
Q9NRJ4	1.709223807269717
P13051	1.7083049596547497
Q96B01	1.70719506688214
P50851	1.70719506688214
Q5JSH3	1.7062365506005044
Q9HCH0	1.7058908923864156
O43861	1.7058908923864156
Q99683	1.7058908923864156
Q9UNE7	1.705493305248912
Q2NL67	1.7032342924386423
Q96D15	1.7032342924386423
Q01518	1.7026341709398347
Q17R89	1.7026341709398347
Q9UHJ3	1.7026341709398347
E9PN89	1.7026341709398347
Q99459	1.700304226801232
Q9Y2L5	1.7002396108108189
H7BYN4	1.6935460890002605
P25445	1.692660352832085
P56211	1.6917169612995973
P20963	1.6892956971870206
Q9H4L7	1.6886879618941686
Q9BZF2	1.6854656243647481
Q9H7X3	1.6854171698814588
P42356	1.684845087000013
Q8N9F8	1.6823074490926753
P49916	1.6810685247034602
P02649	1.6790591086717326
Q5FWF4	1.6790591086717326
O00767	1.6790591086717326
O43257	1.6790591086717326
Q8WWI1	1.6777145859486278
Q9Y3D3	1.6766574945630361
Q9BVV6	1.6765393640830388
O95721	1.6761443608369495
O15347	1.6758157304570853
Q7Z422	1.674918267147862
O75554	1.674231063625865
P22415	1.6740105011808257
Q9NRL2	1.6735950383878917
Q9UQE7	1.671327567434748
P30405	1.6708877591120532
Q07866	1.670385039822689
Q6WCQ1	1.6702246543917967
P17706	1.6702246543917967
Q86Z02	1.6702246543917967
P51692	1.6702246543917967
Q9BWF3	1.6676700963650786
Q9HB90	1.6668307661689863
Q53GS7	1.6665869443271135
Q9UEW8	1.6653688059093044
P30305	1.6653688059093044
Q8IWE5	1.6653688059093044
P36542	1.6653674923236563
P61803	1.665362739494289
A0A0U1RRB6	1.665362739494289
Q12873	1.664721899083163
Q96FJ0	1.6646627083993766
F8W130	1.6641132069663522
Q9UKG1	1.6611098397053683
Q9UNX3	1.6606062062403724
Q9BUR4	1.6601323187112522
Q5HYJ3	1.6600823743491557
Q12872	1.6599785359993766
P14317	1.6594720977321202
Q9NZN8	1.6593129808626967
E7EUN2	1.659119992072111
Q68E01	1.6590801388799619
Q99640	1.658608189992973
P49321	1.6584978585789014
E9PG73	1.6584978585789014
Q14151	1.6581081893684835
Q13625	1.6579730692224426
P28715	1.6579389034381258
Q06587	1.6571965139808917
Q6UUV7	1.656830661044033
Q6AI39	1.6539951285262282
P22059	1.6520042020879702
Q9P0L0	1.6513029492179827
O96007	1.6500844003700044
Q12830	1.6492789495885976
Q9P2Y5	1.6492789495885976
O43639	1.648647264234569
Q9H501	1.6479839039245
Q12874	1.6479839039245
Q96L94	1.6479839039245
Q9H8M2	1.6471410347508766
Q70EL2	1.6471410347508766
Q15776	1.6471410347508766
Q8NHZ8	1.6471410347508766
Q96B36	1.6457504281862458
Q9H9J4	1.6457504281862458
A0A087WTJ2	1.6457504281862458
Q12888	1.6457504281862458
F8WAL6	1.6443003144245338
J3KNN5	1.6443003144245338
Q71DI3	1.644235339577131
Q8N883	1.6440101797346887
Q04721	1.6440101797346887
Q6UB35	1.6427386613060824
Q96F63	1.6378556503503088
Q8NDD1	1.6363175266233958
P51816	1.6363175266233958
Q8WVM8	1.6363175266233958
Q9BSJ8	1.635374493425764
Q13045	1.6341613785810265
Q9NYV6	1.631658398813945
B4DT28	1.6315086186821506
Q8IV63	1.6296733595210358
O15021	1.6296733595210358
Q6ZN06	1.6293233190319754
Q9NXL9	1.6293233190319754
B3KTM8	1.6292777130936889
Q8TEV9	1.626914578368995
Q9Y6R4	1.6268959723388214
P35240	1.6265714269249525
Q15700	1.6263911649091225
Q14693	1.626130295135159
Q9H2P0	1.6248088288700602
P05114	1.6242492965600805
Q14CB8	1.620997837512863
Q96JM7	1.6195933949371673
Q9ULH0	1.6189018733681717
Q96NJ6	1.6189018733681717
Q9UKS6	1.6159988983932891
Q9H582	1.6133054617811793
Q9NQC7	1.612106355371317
Q05655	1.6109940866703838
P51116	1.6097818299540463
A8K727	1.609408094700515
Q8IYH5	1.609408094700515
Q9P2B7	1.609408094700515
Q8NCY6	1.6086830081843049
P57737	1.604023437651078
Q5VYS8	1.603875551962769
O94986	1.6035349761331743
P11117	1.603321048635197
E7ERR0	1.603321048635197
Q9Y608	1.6007679399387185
P30281	1.598223062354585
Q9NQT8	1.598223062354585
Q96K21	1.5972069967098041
P26639	1.5965909100744275
Q92698	1.593848238666057
Q70CQ4	1.593848238666057
Q8N183	1.5933840305592093
P54132	1.586746263324474
Q9Y6D5	1.5865397631548415
P50402	1.5862693413866356
O00232	1.5862693413866356
Q7Z7L8	1.584833632571175
H7C0P6	1.5840072094224535
Q9BWW4	1.5831131916035361
Q9ULH7	1.5819601534414822
Q6VY07	1.5815710539796546
P33527	1.5815710539796546
A0A0U1RRM6	1.5812143192503232
Q9Y2K7	1.5794421458666241
C9JI98	1.5794302325169378
Q9GZY8	1.5784028296532207
Q9ULX6	1.5781175997143457
Q9NQL2	1.5764779505286213
Q9BRR9	1.5748943789559953
P20339	1.5741488951097136
A0A075B6G3	1.5738583906146597
M0QZI3	1.573236768623413
P35573	1.5698453338111555
Q01780	1.5654252779075117
O95758	1.5645644067424074
Q9Y4E5	1.5645644067424074
Q9UPX8	1.563473464203731
Q86UP2	1.5624422525425712
Q9UPT9	1.561428723894071
X6R3V9	1.561059474299261
A0A087WUT6	1.5577475982668993
Q92585	1.55697672695691
Q8WV99	1.555202600570562
Q9UER7	1.555202600570562
Q92766	1.5519883247095914
O43439	1.5519558789851242
Q9Y6Y0	1.551667930031181
C9IZ08	1.5511424357157686
P51397	1.5511424357157686
P69892	1.5511424357157686
O95400	1.550801711873313
Q9UHV7	1.5486616485183236
Q504T8	1.5486616485183236
A1X283	1.5460366657486526
Q92859	1.5460076236345228
Q969R8	1.5441133773478535
Q8WXI9	1.542970011245797
Q9UIF9	1.5424798953471341
Q7L2E3	1.5391164541772295
O43663	1.534919667167429
Q9Y2H6	1.532245397921454
Q9Y5V3	1.5316077109711947
O43561	1.5310360302947401
Q13177	1.5305309453028033
A0A087WZY3	1.5292878805357475
A0A087WV86	1.5263983692542713
Q92620	1.518580786239318
Q01664	1.5166205053708028
O43379	1.5159558609772275
Q9H9A7	1.5146332476217013
Q9H875	1.5133087732824735
P35527	1.5133087732824735
Q9NVF7	1.50905852480384
Q9Y3B9	1.5057204321829378
P10075	1.505145241800797
Q96QR8	1.505145241800797
Q9C0J8	1.5036151479308761
Q8WXG6	1.5036151479308761
Q8NC51	1.5004065333374912
Q13838	1.4984736574738
Q5FWF5	1.4984736574738
J3KNZ9	1.4962686667011433
Q14807	1.4924956876422097
O60271	1.4917591670315173
Q9UH99	1.4910184665446684
Q9UKD2	1.490566356290414
Q14573	1.4874803925384024
G5E9M7	1.4854535534006237
Q9UBB9	1.4845903185473324
Q9UBB4	1.4830861750988265
Q9H0J9	1.4822503912536797
Q99856	1.4802545717879971
Q9BXS6	1.4799452133175632
E9PIM0	1.4792983148792223
P31629	1.4791063446641404
Q96TA1	1.4786344439388601
Q9Y324	1.4772699135355214
P05164	1.4753451526771215
Q8N8D1	1.4747859000771335
O43572	1.471393930838966
Q9UBL0	1.4705552858568849
E9PNT2	1.468587728973866
P54578	1.468587728973866
Q9NYL2	1.468322699381004
Q00013	1.4643853322860882
Q8IUE6	1.4630734509933783
P07305	1.46162488602898
Q93073	1.4595226725533867
A6PW57	1.4593914397177183
Q96P16	1.4570079787476788
Q13409	1.4561773765895503
Q13614	1.4557777149519568
Q14865	1.4540825670777604
I3L0U5	1.4522765572785894
P19634	1.4520605611797321
Q92630	1.4483397637574744
P10643	1.4479817580872831
Q86UU0	1.4466764150796212
Q96EV8	1.445395737579544
P84243	1.4448977505570302
P33316	1.4409851777563032
Q8IXQ3	1.440933892151441
H7C2Q8	1.4391985010946577
P55201	1.4385316455772097
Q01167	1.4356866027497721
Q9BUA3	1.431505752902633
Q96DY7	1.4297511736283943
Q8IWB7	1.4260845252781738
J3KN59	1.4260845252781738
P01008	1.4260845252781738
A0A024R214	1.4196687311660428
Q68DH5	1.4175468867282108
Q9Y6A5	1.4075026391766297
Q6P0N0	1.4030029785508324
Q86XN8	1.3995639333085963
P53350	1.3987182982633402
B4DTS2	1.396884699572115
B0QXZ6	1.395126239681627
Q15717	1.394052548400428
Q96DV4	1.3932332382438068
Q70J99	1.392582018177834
Q9Y2X3	1.3922352507423352
Q8N3U4	1.391034451100885
Q8TDG4	1.386805325993533
O60318	1.383021618733967
Q9NP80	1.3827887121728022
O95376	1.3827887121728022
O60725	1.3797541403764424
Q8N9N5	1.3792142393579827
E9PC69	1.3738731176774823
Q92854	1.3730524480497879
Q9UII2	1.3730524480497879
Q9Y3Q3	1.3730524480497879
Q8N9B5	1.3729406425650612
O60547	1.3723040340242347
P47914	1.3694424989187748
Q8TAT5	1.368721549810696
Q15942	1.3678001355168574
U3KQ54	1.3670046475134838
P00441	1.36453645056204
Q8WTW3	1.3638146224972307
O43293	1.3630174643700923
B0QYS7	1.3591922797356866
O60216	1.3588165413056743
Q9BV73	1.356943830485934
Q01831	1.3560062749673367
Q8WW12	1.3560062749673367
Q9UHI6	1.3560062749673367
Q02790	1.3544069214372696
Q9BZL1	1.3542207072484613
Q9P0U3	1.3542207072484613
Q99595	1.3542207072484613
Q13895	1.3535992374539558
Q8TF76	1.3535930799199978
P13645	1.3531830757111039
Q9H147	1.3531830757111039
P20226	1.3531830757111039
P62861	1.3531830757111039
Q01826	1.3513036880649816
P05455	1.3506311030982134
O75475	1.3461461134384218
Q9NST1	1.3454491641186923
O94925	1.3449984454653359
Q9NPF2	1.3449984454653359
Q9Y6X3	1.3449984454653359
Q53HL2	1.3429467152620067
Q99755	1.3403532330874004
P55084	1.3295945326940684
B5MDQ6	1.3204118150699082
Q15435	1.316905460319604
Q8TBC3	1.3138920520517507
Q9UKL3	1.3138553798059365
Q9NPF5	1.3116792709689393
Q9BVS4	1.311402438471763
P48729	1.3106679012476807
Q96PZ0	1.3082322523829235
Q9BW61	1.306724169347866
Q8IWA0	1.3063491562376395
Q9NVU0	1.3053019206852572
Q7L0J3	1.3022847363865178
Q8IXM2	1.3002350105944236
Q8IX21	1.2931184671763987
Q99704	1.2900094764731345
Q8IWV1	1.2833187401789012
Q9NQZ2	1.2785564923681227
A0A0A0MTR7	1.2725009323440952
P0C7T5	1.270659184484118
X5D2R7	1.2692461950729061
D6REX3	1.2686153608306407
A0A1C7CYX1	1.265693749859266
Q14161	1.2639556171574784
P54259	1.2582784414396775
Q96HQ2	1.2546567887730067
Q96F24	1.2546258190074373
B4E0Y9	1.2537515976875258
Q8IXM6	1.2487713092174104
O43678	1.2487713092174104
O43295	1.2487713092174104
P07919	1.2487713092174104
Q86VR2	1.2487713092174104
Q15059	1.2484014183971022
Q66K14	1.248055270248798
Q8WVK2	1.2477710365474972
Q9Y3T9	1.2457608213067715
P33993	1.2447422085125184
Q92993	1.2430484597748601
J3QQJ0	1.2396932488946057
O95425	1.2368382848889943
Q9BWG6	1.236178629495318
O94776	1.236178629495318
Q96BR1	1.2333561447804084
Q7Z628	1.2251408732317681
Q3T8J9	1.2152987791831276
Q8NHQ9	1.2111266788778736
Q9UGP4	1.210950495111063
G3XAH0	1.2108885437236678
O43677	1.2097781751415768
O75616	1.2059595457245773
Q6ZR52	1.202343969763856
Q86WB0	1.2014851607627983
O95684	1.1976463369632704
Q9P2K3	1.1953538477513326
P51858	1.1945326026194694
O00115	1.1938949900799214
P04264	1.1896832592757838
Q7Z4G1	1.1896832592757838
Q9Y6D0	1.1896832592757838
Q9H6L4	1.1886614493510446
P04921	1.18801367921458
Q9P219	1.1876388263379467
Q96SI1	1.1845998644456244
P49756	1.1841314076024143
Q8WXE0	1.1840293890285638
B2RBV5	1.182122536225885
Q9Y462	1.182122536225885
Q9H7P9	1.1810648173550204
O75369	1.1805960753218474
Q5T7W7	1.1805579318956925
Q8IX15	1.177793827873462
O14647	1.1764555182743084
Q4KMP7	1.172316056239667
Q8WUX9	1.1686473753412865
Q58A45	1.1640201970908772
P27824	1.1566280992775522
P54274	1.1556992090228098
Q9NQT4	1.1553431721857772
Q9BRP8	1.1552301761343238
Q9NUP7	1.154339004272287
P54725	1.1540058558732094
Q8TEW0	1.152609069606247
P13647	1.1505966596611912
Q99570	1.1479911707216974
Q969T9	1.1434355826778377
P68366	1.1434184215259944
O75528	1.1430278072133924
Q8TBK6	1.142665371498007
K4DI81	1.1408581221090028
Q9GZT6	1.1382518263998131
A0A0D9SF58	1.1374137915645608
Q9UBP6	1.1287236934044147
A0A024R0Y4	1.1237732877265383
Q8IWS0	1.121718621786451
Q8TF68	1.1201215544445486
O43396	1.1172112543215964
Q8NAV1	1.1149979039289826
Q9NZJ4	1.1123907520370215
P08779	1.1112246016311813
K7EM46	1.108234959299053
Q8NI22	1.0986684239683793
Q8IWY9	1.0977158783726109
Q16563	1.090574678522838
P17026	1.0877733896017645
Q9NRX4	1.0744270981393589
Q12770	1.0744270981393589
Q9BWJ5	1.0744270981393589
P35908	1.069710489168884
Q8IWB1	1.0690633923691226
Q9BXP5	1.0683710059022196
A6NHB5	1.063404420910746
Q96JN0	1.0621280866256049
Q9NQR1	1.05909220240732
O94763	1.0504358945194885
F6VDE0	1.0495878951195956
Q14839	1.0429281891321034
P16333	1.041571328726673
A0A140T9E9	1.0365936993727796
Q05823	1.034208900949218
Q14938	1.0293924163164283
O43516	1.025233860148135
Q96QE3	1.0201569135677928
Q7Z4V5	1.017989757193611
Q9BS16	1.0158356816677638
Q86YS7	1.0153806241700578
P62328	1.0131189259244653
O60524	1.0085293397608728
Q8WUH2	1.0071196237056421
Q7L8J4	1.0013990784807707
